{
    "VAEwolabel": {
        "ssim": 0.7307640096599193,
        "mse": 0.022669086030490546,
        "score": 8.832592831161332
    },
    "Genwithlabel": {
        "ssim": 0.739898036987265,
        "mse": 0.02307531642068597,
        "fid": 4.465681798930532,
        "score": 24.224752790952472
    }
}